1,mint green protocol 1
2,orange card 2
3,yellow sensor 3
4,lavender bus 4
5,pink driver 5
6,gold capacitor 6
7,salmon monitor 7
8,lime feed 8
9,azure driver 9
10,maroon circuit 10
11,green card 11
12,magenta firewall 12
13,plum system 13
14,orchid firewall 14
15,olive sensor 15
16,mint green card 16
17,azure interface 17
18,grey array 18
19,orange monitor 19
20,blue protocol 20
21,ivory circuit 21
22,magenta circuit 22
23,cyan array 23
24,purple pixel 24
25,turquoise hard drive 25
26,lavender card 26
27,sky blue array 27
28,orchid monitor 28
29,grey protocol 29
30,violet capacitor 30
31,grey bandwidth 31
32,olive transmitter 32
33,white pixel 33
34,olive driver 34
35,black driver 35
36,azure driver 36
37,magenta application 37
38,silver microchip 38
39,black feed 39
40,black firewall 40
41,maroon feed 41
42,orange firewall 42
43,cyan panel 43
44,green bus 44
45,maroon transmitter 45
46,tan bus 46
47,indigo card 47
48,turquoise application 48
49,salmon monitor 49
50,silver bus 50
51,magenta protocol 51
52,lime alarm 52
53,yellow monitor 53
54,blue hard drive 54
55,lavender driver 55
56,orange alarm 56
57,lavender port 57
58,orchid capacitor 58
59,lavender pixel 59
60,orchid system 60
61,yellow bus 61
62,salmon bus 62
63,lime pixel 63
64,lime pixel 64
65,teal firewall 65
66,orchid sensor 66
67,tan card 67
68,silver program 68
69,pink matrix 69
70,ivory array 70
71,lime hard drive 71
72,white system 72
73,white card 73
74,orchid protocol 74
75,azure pixel 75
76,indigo capacitor 76
77,white capacitor 77
78,blue program 78
79,orange transmitter 79
80,salmon hard drive 80
81,mint green protocol 81
82,turquoise hard drive 82
83,silver sensor 83
84,ivory matrix 84
85,maroon pixel 85
86,blue monitor 86
87,olive interface 87
88,maroon capacitor 88
89,fuchsia bandwidth 89
90,pink hard drive 90
91,lime system 91
92,cyan port 92
93,plum panel 93
94,yellow matrix 94
95,sky blue driver 95
96,silver microchip 96
97,red circuit 97
98,salmon bus 98
99,white alarm 99
100,cyan microchip 100
1,mint green protocol 1
2,orange card 2
3,yellow sensor 3
4,lavender bus 4
5,pink driver 5
6,gold capacitor 6
7,salmon monitor 7
8,lime feed 8
9,azure driver 9
10,maroon circuit 10
11,green card 11
12,magenta firewall 12
13,plum system 13
14,orchid firewall 14
15,olive sensor 15
16,mint green card 16
17,azure interface 17
18,grey array 18
19,orange monitor 19
20,blue protocol 20
21,ivory circuit 21
22,magenta circuit 22
23,cyan array 23
24,purple pixel 24
25,turquoise hard drive 25
26,lavender card 26
27,sky blue array 27
28,orchid monitor 28
29,grey protocol 29
30,violet capacitor 30
31,grey bandwidth 31
32,olive transmitter 32
33,white pixel 33
34,olive driver 34
35,black driver 35
36,azure driver 36
37,magenta application 37
38,silver microchip 38
39,black feed 39
40,black firewall 40
41,maroon feed 41
42,orange firewall 42
43,cyan panel 43
44,green bus 44
45,maroon transmitter 45
46,tan bus 46
47,indigo card 47
48,turquoise application 48
49,salmon monitor 49
50,silver bus 50
51,magenta protocol 51
52,lime alarm 52
53,yellow monitor 53
54,blue hard drive 54
55,lavender driver 55
56,orange alarm 56
57,lavender port 57
58,orchid capacitor 58
59,lavender pixel 59
60,orchid system 60
61,yellow bus 61
62,salmon bus 62
63,lime pixel 63
64,lime pixel 64
65,teal firewall 65
66,orchid sensor 66
67,tan card 67
68,silver program 68
69,pink matrix 69
70,ivory array 70
71,lime hard drive 71
72,white system 72
73,white card 73
74,orchid protocol 74
75,azure pixel 75
76,indigo capacitor 76
77,white capacitor 77
78,blue program 78
79,orange transmitter 79
80,salmon hard drive 80
81,mint green protocol 81
82,turquoise hard drive 82
83,silver sensor 83
84,ivory matrix 84
85,maroon pixel 85
86,blue monitor 86
87,olive interface 87
88,maroon capacitor 88
89,fuchsia bandwidth 89
90,pink hard drive 90
91,lime system 91
92,cyan port 92
93,plum panel 93
94,yellow matrix 94
95,sky blue driver 95
96,silver microchip 96
97,red circuit 97
98,salmon bus 98
99,white alarm 99
100,cyan microchip 100
